,week,home,away,goal1,goal2,result,home_form,away_form,home_rank,away_rank
50,6,KASIMPAŞA,GÖZTEPE,0,0,0,1.4,1.2,8,10
51,6,GAZİANTEP,KONYASPOR,1,0,1,0.8,1.5,17,11
52,6,ERZURUMSPOR,GALATASARAY,1,2,2,1.4,1.4,9,6
53,6,BAŞAKŞEHİR,ANTALYASPOR,5,1,1,0.8,1.6,20,5
54,6,MALATYASPOR,GENÇLERBİRLİĞİ,2,1,1,1,1,15,19
55,6,ALANYASPOR,KARAGÜMRÜK,2,0,1,2.6,1.6,1,4
56,6,FENERBAHÇE,TRABZONSPOR,3,1,1,2.2,1,2,14
57,6,SİVASSPOR,RİZESPOR,0,2,2,1.75,1,7,13
58,6,DENİZLİSPOR,BEŞİKTAŞ,2,3,2,1,1,16,18
59,6,ANKARAGÜCÜ,HATAYSPOR,2,0,1,0.25,2,21,3
60,7,KARAGÜMRÜK,ERZURUMSPOR,5,1,1,1,0.8,5,15
61,7,TRABZONSPOR,KASIMPAŞA,3,4,2,1,1.6,18,7
62,7,GENÇLERBİRLİĞİ,GAZİANTEP,1,1,0,1,1.4,21,13
63,7,GALATASARAY,ANKARAGÜCÜ,1,0,1,1.4,1,3,20
64,7,RİZESPOR,KAYSERİSPOR,1,0,1,1.6,0.75,6,17
65,7,KONYASPOR,BAŞAKŞEHİR,1,2,2,1.2,1.4,16,11
66,7,BEŞİKTAŞ,MALATYASPOR,1,0,1,1,1.6,12,9
67,7,HATAYSPOR,SİVASSPOR,1,1,0,1.4,1.75,4,14
68,7,ANTALYASPOR,FENERBAHÇE,1,2,2,1,2.2,8,2
69,7,GÖZTEPE,ALANYASPOR,1,0,1,0.8,2.6,10,1
70,8,GAZİANTEP,BEŞİKTAŞ,3,1,1,1.4,1.5,11,10
71,8,KASIMPAŞA,ANTALYASPOR,2,2,0,1.6,0.8,6,13
72,8,ERZURUMSPOR,GÖZTEPE,1,1,0,0.8,1.2,15,8
73,8,ALANYASPOR,TRABZONSPOR,1,1,0,2,0.8,2,19
74,8,FENERBAHÇE,KONYASPOR,0,2,2,2.6,1,1,16
75,8,ANKARAGÜCÜ,KARAGÜMRÜK,2,2,0,0.8,1.4,21,4
76,8,MALATYASPOR,DENİZLİSPOR,2,0,1,1.4,1,14,20
77,8,KAYSERİSPOR,HATAYSPOR,0,1,2,0.75,1.4,17,7
78,8,BAŞAKŞEHİR,GENÇLERBİRLİĞİ,2,1,1,2,1,9,18
79,8,SİVASSPOR,GALATASARAY,1,2,2,1.25,1.4,12,3
80,9,KARAGÜMRÜK,SİVASSPOR,1,1,0,1,1,6,15
81,9,GENÇLERBİRLİĞİ,FENERBAHÇE,1,5,2,0.8,2.4,20,2
82,9,DENİZLİSPOR,GAZİANTEP,0,1,2,1,1.8,21,10
83,9,BEŞİKTAŞ,BAŞAKŞEHİR,3,2,1,1.5,2.6,12,5
84,9,HATAYSPOR,RİZESPOR,2,2,0,1.4,2.5,4,9
85,9,GÖZTEPE,ANKARAGÜCÜ,3,1,1,1.2,0.8,8,19
86,9,KONYASPOR,KASIMPAŞA,2,1,1,1,1.8,13,7
87,9,TRABZONSPOR,ERZURUMSPOR,1,0,1,0.4,0.4,17,16
88,9,ANTALYASPOR,ALANYASPOR,0,2,2,0.4,2,14,1
89,9,GALATASARAY,KAYSERİSPOR,1,1,0,1.8,0.75,3,18
90,10,ANKARAGÜCÜ,TRABZONSPOR,0,1,2,0.8,0.8,19,15
91,10,GAZİANTEP,MALATYASPOR,2,2,0,2.2,1.75,6,13
92,10,BAŞAKŞEHİR,DENİZLİSPOR,3,3,0,2.4,0.75,8,21
93,10,RİZESPOR,GALATASARAY,0,4,2,2.5,2,11,3
94,10,ERZURUMSPOR,ANTALYASPOR,2,2,0,0.2,0.4,17,16
95,10,ALANYASPOR,KONYASPOR,1,0,1,2,1.4,1,10
96,10,KASIMPAŞA,GENÇLERBİRLİĞİ,2,0,1,1.2,0.2,12,20
97,10,FENERBAHÇE,BEŞİKTAŞ,3,4,2,2.4,2.25,2,9
98,10,SİVASSPOR,GÖZTEPE,0,1,2,1,1.6,14,5
99,10,KAYSERİSPOR,KARAGÜMRÜK,0,0,0,0.25,1.2,18,7
100,11,BEŞİKTAŞ,KASIMPAŞA,3,0,1,2.4,1.6,5,6
101,11,GÖZTEPE,KAYSERİSPOR,1,1,0,2.2,0.5,4,18
102,11,GENÇLERBİRLİĞİ,ALANYASPOR,2,1,1,0.2,2,21,1
103,11,KONYASPOR,ERZURUMSPOR,2,0,1,1.2,0.4,11,17
104,11,MALATYASPOR,BAŞAKŞEHİR,1,1,0,1.75,2,13,10
105,11,GALATASARAY,HATAYSPOR,3,0,1,2.6,1.25,2,8
106,11,KARAGÜMRÜK,RİZESPOR,2,1,1,1.2,1.75,9,12
107,11,ANTALYASPOR,ANKARAGÜCÜ,1,0,1,0.4,0.8,15,20
108,11,DENİZLİSPOR,FENERBAHÇE,0,2,2,0.25,1.8,19,3
109,11,TRABZONSPOR,SİVASSPOR,1,1,0,1.4,0.4,14,16
110,12,KASIMPAŞA,DENİZLİSPOR,3,2,1,1.4,0.25,10,20
111,12,HATAYSPOR,KARAGÜMRÜK,3,1,1,1.25,1.8,11,6
112,12,KAYSERİSPOR,TRABZONSPOR,0,0,0,0.6,1.6,17,13
113,12,RİZESPOR,GÖZTEPE,3,2,1,1,2.2,15,5
114,12,ANKARAGÜCÜ,KONYASPOR,4,3,1,0.2,1.8,21,7
115,12,FENERBAHÇE,MALATYASPOR,0,3,2,1.8,1.25,3,12
116,12,ERZURUMSPOR,GENÇLERBİRLİĞİ,0,1,2,0.4,0.8,18,19
117,12,ALANYASPOR,BEŞİKTAŞ,2,1,1,1.4,2.4,1,4
118,12,BAŞAKŞEHİR,GAZİANTEP,1,2,2,1.6,2,9,8
119,12,SİVASSPOR,ANTALYASPOR,0,0,0,0.6,1,16,14
120,13,KARAGÜMRÜK,GALATASARAY,2,1,1,1.2,2.5,9,2
121,13,GÖZTEPE,HATAYSPOR,0,1,2,1.6,1.75,5,8
122,13,TRABZONSPOR,RİZESPOR,2,1,1,1.8,1,14,13
123,13,MALATYASPOR,KASIMPAŞA,2,0,1,2,1.4,10,7
124,13,GAZİANTEP,FENERBAHÇE,3,1,1,2.5,1.2,6,3
125,13,GENÇLERBİRLİĞİ,ANKARAGÜCÜ,1,1,0,1.2,0.8,17,20
126,13,DENİZLİSPOR,ALANYASPOR,1,0,1,0.2,2,21,1
127,13,BEŞİKTAŞ,ERZURUMSPOR,4,0,1,1.8,0.4,4,19
128,13,KONYASPOR,SİVASSPOR,0,1,2,1.8,0.6,11,16
129,13,ANTALYASPOR,KAYSERİSPOR,2,0,1,1.2,0.8,15,18
130,14,HATAYSPOR,TRABZONSPOR,0,1,2,1.75,2.2,6,11
131,14,GALATASARAY,GÖZTEPE,3,1,1,1.75,1.4,2,9
132,14,ERZURUMSPOR,DENİZLİSPOR,1,2,2,0.2,0.8,21,20
133,14,ALANYASPOR,MALATYASPOR,1,1,0,1.8,2,1,8
134,14,KASIMPAŞA,GAZİANTEP,0,4,2,1.2,2.5,10,5
135,14,FENERBAHÇE,BAŞAKŞEHİR,4,1,1,1.2,0.5,3,14
136,14,SİVASSPOR,GENÇLERBİRLİĞİ,3,1,1,1.2,1.4,16,17
137,14,KAYSERİSPOR,KONYASPOR,1,2,2,0.8,1.2,18,13
138,14,ANKARAGÜCÜ,BEŞİKTAŞ,0,1,2,0.8,2.4,19,4
139,14,RİZESPOR,ANTALYASPOR,2,1,1,0.8,1.6,15,12
140,15,GÖZTEPE,KARAGÜMRÜK,1,1,0,0.8,1.75,11,7
141,15,TRABZONSPOR,GALATASARAY,0,2,2,2.2,2.25,9,2
142,15,GAZİANTEP,ALANYASPOR,3,1,1,2.5,1.4,5,1
143,15,MALATYASPOR,ERZURUMSPOR,1,3,2,1.8,0.2,8,21
144,15,DENİZLİSPOR,ANKARAGÜCÜ,1,2,2,1.4,0.8,17,20
145,15,BAŞAKŞEHİR,KASIMPAŞA,2,2,0,0.5,1.2,16,13
146,15,GENÇLERBİRLİĞİ,KAYSERİSPOR,3,2,1,1.4,0.6,18,19
147,15,KONYASPOR,RİZESPOR,1,1,0,1.2,1.2,10,12
148,15,BEŞİKTAŞ,SİVASSPOR,3,0,1,2.4,1.6,4,14
149,15,ANTALYASPOR,HATAYSPOR,0,6,2,1.6,1.5,15,6
150,16,ERZURUMSPOR,GAZİANTEP,1,1,0,0.6,3,20,4
151,16,SİVASSPOR,DENİZLİSPOR,2,2,0,1.6,1.2,14,19
152,16,ANKARAGÜCÜ,MALATYASPOR,3,1,1,1.4,1.6,18,8
153,16,ALANYASPOR,BAŞAKŞEHİR,3,0,1,0.8,0.5,3,16
154,16,HATAYSPOR,KONYASPOR,2,1,1,1.8,1.4,6,10
155,16,GALATASARAY,ANTALYASPOR,0,0,0,2.25,1.4,1,15
156,16,RİZESPOR,GENÇLERBİRLİĞİ,1,1,0,1.4,2,12,17
157,16,KARAGÜMRÜK,TRABZONSPOR,1,2,2,1.75,1.6,7,9
158,16,KAYSERİSPOR,BEŞİKTAŞ,0,2,2,0.4,2.4,21,2
159,16,KASIMPAŞA,FENERBAHÇE,0,3,2,0.8,1.5,13,5
160,17,GAZİANTEP,ANKARAGÜCÜ,2,0,1,2.6,2,5,18
161,17,MALATYASPOR,SİVASSPOR,2,2,0,1.4,1.6,9,14
162,17,KONYASPOR,GALATASARAY,4,3,1,0.8,1.75,12,3
163,17,DENİZLİSPOR,KAYSERİSPOR,0,1,2,1.4,0.2,19,21
164,17,BAŞAKŞEHİR,ERZURUMSPOR,1,0,1,0.25,0.8,16,20
165,17,GENÇLERBİRLİĞİ,HATAYSPOR,3,1,1,1.6,2.4,17,6
166,17,TRABZONSPOR,GÖZTEPE,1,0,1,2,0.25,7,11
167,17,BEŞİKTAŞ,RİZESPOR,6,0,1,2.4,1.6,1,10
168,17,ANTALYASPOR,KARAGÜMRÜK,3,1,1,1,1,15,8
169,17,FENERBAHÇE,ALANYASPOR,2,1,1,1.5,1.4,4,2
170,18,SİVASSPOR,GAZİANTEP,2,1,1,1.6,2.6,14,3
171,18,KAYSERİSPOR,MALATYASPOR,1,0,1,0.6,1,20,10
172,18,GÖZTEPE,ANTALYASPOR,0,1,2,0.25,1.4,13,11
173,18,GALATASARAY,GENÇLERBİRLİĞİ,6,0,1,1.4,1.6,5,16
174,18,KARAGÜMRÜK,KONYASPOR,2,1,1,1,1.4,9,8
175,18,ANKARAGÜCÜ,BAŞAKŞEHİR,1,2,2,1.4,1,18,15
176,18,RİZESPOR,DENİZLİSPOR,1,1,0,1,1.4,12,19
177,18,HATAYSPOR,BEŞİKTAŞ,2,2,0,1.8,3,6,1
178,18,ERZURUMSPOR,FENERBAHÇE,0,3,2,0.8,2.25,21,2
179,18,ALANYASPOR,KASIMPAŞA,1,2,2,0.8,0.25,4,17
180,19,GENÇLERBİRLİĞİ,KARAGÜMRÜK,1,3,2,1.4,1,17,8
181,19,KONYASPOR,GÖZTEPE,2,3,2,1.4,0.25,10,16
182,19,BAŞAKŞEHİR,SİVASSPOR,1,1,0,1.4,1.6,12,11
183,19,GAZİANTEP,KAYSERİSPOR,2,1,1,2,1.2,4,18
184,19,ANTALYASPOR,TRABZONSPOR,1,1,0,1.4,2.25,9,7
185,19,DENİZLİSPOR,HATAYSPOR,0,2,2,1,1.4,20,6
186,19,MALATYASPOR,RİZESPOR,4,1,1,0.4,1.2,14,15
187,19,BEŞİKTAŞ,GALATASARAY,2,0,1,2.6,2,1,3
188,19,KASIMPAŞA,ERZURUMSPOR,1,2,2,1,0.8,13,21
189,19,FENERBAHÇE,ANKARAGÜCÜ,3,1,1,3,1.2,2,19
190,20,KAYSERİSPOR,BAŞAKŞEHİR,2,0,1,1.2,1.6,18,12
191,20,GÖZTEPE,GENÇLERBİRLİĞİ,4,0,1,1,1.4,14,17
192,20,TRABZONSPOR,KONYASPOR,3,1,1,1.75,0.8,8,13
193,20,RİZESPOR,GAZİANTEP,3,0,1,0.6,2,16,3
194,20,HATAYSPOR,MALATYASPOR,1,2,2,2,0.8,5,10
195,20,GALATASARAY,DENİZLİSPOR,6,1,1,1.4,0.4,4,21
196,20,ERZURUMSPOR,ALANYASPOR,1,1,0,1.4,0.75,19,6
197,20,KARAGÜMRÜK,BEŞİKTAŞ,1,4,2,1.4,2.6,7,1
198,20,ANKARAGÜCÜ,KASIMPAŞA,1,0,1,1.2,1,20,15
199,20,SİVASSPOR,FENERBAHÇE,1,1,0,1.2,3,11,2
200,21,GENÇLERBİRLİĞİ,TRABZONSPOR,1,2,2,0.8,2.5,18,7
201,21,BAŞAKŞEHİR,RİZESPOR,1,1,0,1.4,1,14,13
202,21,KONYASPOR,ANTALYASPOR,0,0,0,0.6,2,15,11
203,21,MALATYASPOR,GALATASARAY,0,1,2,1.4,1.4,9,3
204,21,DENİZLİSPOR,KARAGÜMRÜK,1,2,2,0.4,1.2,21,8
205,21,GAZİANTEP,HATAYSPOR,1,1,0,1.4,1.4,4,6
206,21,BEŞİKTAŞ,GÖZTEPE,2,1,1,2.6,1.5,1,10
207,21,KASIMPAŞA,SİVASSPOR,2,0,1,0.75,1.4,16,12
208,21,ALANYASPOR,ANKARAGÜCÜ,4,3,1,1,1.2,5,19
209,21,FENERBAHÇE,KAYSERİSPOR,3,0,1,2.6,1.8,2,17
210,22,MALATYASPOR,KARAGÜMRÜK,0,0,0,1.4,1.8,9,8
211,22,GAZİANTEP,GALATASARAY,1,2,2,1.4,1.8,4,3
212,22,KASIMPAŞA,KAYSERİSPOR,0,1,2,1.5,1.8,12,17
213,22,BAŞAKŞEHİR,HATAYSPOR,1,5,2,1.6,1,15,7
214,22,FENERBAHÇE,RİZESPOR,1,0,1,2.6,1,2,13
215,22,ERZURUMSPOR,ANKARAGÜCÜ,1,0,1,1,0.6,20,19
216,22,ALANYASPOR,SİVASSPOR,3,1,1,1,1.2,5,14
217,22,DENİZLİSPOR,GÖZTEPE,2,1,1,0.2,1.2,21,11
218,22,GENÇLERBİRLİĞİ,ANTALYASPOR,0,1,2,0.6,2,18,10
219,22,BEŞİKTAŞ,TRABZONSPOR,1,2,2,2.6,2.5,1,6
220,23,HATAYSPOR,FENERBAHÇE,1,2,2,1.6,2.6,7,1
221,23,GALATASARAY,BAŞAKŞEHİR,3,0,1,2.4,1,3,15
222,23,RİZESPOR,KASIMPAŞA,1,1,0,1,1.2,13,12
223,23,SİVASSPOR,ERZURUMSPOR,0,0,0,1,1.75,14,18
224,23,KARAGÜMRÜK,GAZİANTEP,2,0,1,2,0.8,8,6
225,23,KAYSERİSPOR,ALANYASPOR,1,1,0,1.8,1.75,17,4
226,23,KONYASPOR,GENÇLERBİRLİĞİ,0,0,0,0.25,0,16,19
227,23,ANTALYASPOR,BEŞİKTAŞ,1,1,0,2,2,9,2
228,23,GÖZTEPE,MALATYASPOR,2,2,0,1.2,1.4,11,10
229,23,TRABZONSPOR,DENİZLİSPOR,1,0,1,2.5,0.8,5,21
230,24,KASIMPAŞA,HATAYSPOR,1,4,2,0.8,1.4,12,6
231,24,ALANYASPOR,RİZESPOR,2,1,1,2,1,5,13
232,24,BAŞAKŞEHİR,KARAGÜMRÜK,0,1,2,0.4,2,16,8
233,24,FENERBAHÇE,GALATASARAY,0,1,2,2.6,2.4,1,2
234,24,ERZURUMSPOR,KAYSERİSPOR,1,1,0,2,1.4,18,17
235,24,ANKARAGÜCÜ,SİVASSPOR,1,4,2,0.75,0.6,20,14
236,24,DENİZLİSPOR,ANTALYASPOR,1,1,0,0.6,1.5,21,9
237,24,BEŞİKTAŞ,KONYASPOR,1,0,1,2,0.5,3,15
238,24,GAZİANTEP,GÖZTEPE,2,0,1,0.8,1.4,7,11
239,24,MALATYASPOR,TRABZONSPOR,0,2,2,1.6,2.6,10,4
240,25,RİZESPOR,ERZURUMSPOR,0,2,2,1,1.5,13,18
241,25,KAYSERİSPOR,ANKARAGÜCÜ,0,0,0,1.6,0.75,16,20
242,25,TRABZONSPOR,GAZİANTEP,1,0,1,3,0.8,4,7
243,25,KARAGÜMRÜK,FENERBAHÇE,1,2,2,2,2,8,3
244,25,KONYASPOR,DENİZLİSPOR,2,0,1,0.5,0.8,15,21
245,25,HATAYSPOR,ALANYASPOR,0,0,0,1.4,2.2,6,5
246,25,GALATASARAY,KASIMPAŞA,2,1,1,3,0.8,1,14
247,25,GÖZTEPE,BAŞAKŞEHİR,2,1,1,0.8,0.2,12,17
248,25,GENÇLERBİRLİĞİ,BEŞİKTAŞ,0,3,2,0.25,2,19,2
249,25,ANTALYASPOR,MALATYASPOR,1,1,0,1.5,1,9,10
250,26,BAŞAKŞEHİR,TRABZONSPOR,0,1,2,0.2,3,18,4
251,26,KASIMPAŞA,KARAGÜMRÜK,3,2,1,0.8,2,15,8
252,26,MALATYASPOR,KONYASPOR,2,3,2,0.6,1.25,10,13
253,26,DENİZLİSPOR,GENÇLERBİRLİĞİ,1,0,1,0.8,0.25,21,19
254,26,ALANYASPOR,GALATASARAY,0,1,2,2.2,3,5,1
255,26,ERZURUMSPOR,HATAYSPOR,1,3,2,2,1.6,17,6
256,26,SİVASSPOR,KAYSERİSPOR,2,0,1,1,1.2,12,16
257,26,GAZİANTEP,ANTALYASPOR,0,0,0,0.8,1.4,7,9
258,26,FENERBAHÇE,GÖZTEPE,0,1,2,2.4,0.8,3,11
259,26,ANKARAGÜCÜ,RİZESPOR,1,1,0,0.25,0.4,20,14
260,27,KONYASPOR,GAZİANTEP,0,0,0,1.75,0.8,12,7
261,27,GENÇLERBİRLİĞİ,MALATYASPOR,1,1,0,0.25,0.6,21,13
262,27,BEŞİKTAŞ,DENİZLİSPOR,3,0,1,1.75,1.4,2,19
263,27,HATAYSPOR,ANKARAGÜCÜ,4,1,1,2,0.5,6,20
264,27,KARAGÜMRÜK,ALANYASPOR,2,0,1,1.4,1.6,8,5
265,27,RİZESPOR,SİVASSPOR,0,0,0,0.4,1.75,15,11
266,27,ANTALYASPOR,BAŞAKŞEHİR,0,0,0,1.4,0,9,18
267,27,GALATASARAY,ERZURUMSPOR,2,0,1,3,1.6,1,17
268,27,GÖZTEPE,KASIMPAŞA,1,0,1,1.4,0.8,10,14
269,27,TRABZONSPOR,FENERBAHÇE,0,1,2,3,1.8,4,3
270,28,GAZİANTEP,GENÇLERBİRLİĞİ,2,1,1,1,0.5,7,20
271,28,MALATYASPOR,BEŞİKTAŞ,0,1,2,0.6,2.5,13,2
272,28,ERZURUMSPOR,KARAGÜMRÜK,2,2,0,1,1.8,18,8
273,28,SİVASSPOR,HATAYSPOR,1,1,0,2,2,11,5
274,28,BAŞAKŞEHİR,KONYASPOR,1,1,0,0.2,1.6,17,12
275,28,ANKARAGÜCÜ,GALATASARAY,2,1,1,0.5,3,21,1
276,28,KAYSERİSPOR,RİZESPOR,2,1,1,0.75,0.6,16,15
277,28,ALANYASPOR,GÖZTEPE,1,1,0,1,2,6,9
278,28,KASIMPAŞA,TRABZONSPOR,1,2,2,0.8,2.4,14,4
279,28,FENERBAHÇE,ANTALYASPOR,1,1,0,1.8,1,3,10
280,29,DENİZLİSPOR,MALATYASPOR,3,2,1,1,0.4,20,13
281,29,BEŞİKTAŞ,GAZİANTEP,2,1,1,3,1.6,2,7
282,29,KARAGÜMRÜK,ANKARAGÜCÜ,0,1,2,1.4,1,8,19
283,29,HATAYSPOR,KAYSERİSPOR,1,3,2,2.2,1.25,5,15
284,29,GENÇLERBİRLİĞİ,BAŞAKŞEHİR,0,1,2,0.25,0.4,21,17
285,29,GALATASARAY,SİVASSPOR,2,2,0,2.4,2,1,11
286,29,TRABZONSPOR,ALANYASPOR,1,3,2,2.4,1,4,6
287,29,ANTALYASPOR,KASIMPAŞA,1,1,0,1,0.6,10,14
288,29,GÖZTEPE,ERZURUMSPOR,3,1,1,2,1,9,18
289,29,KONYASPOR,FENERBAHÇE,0,3,2,1.6,1.4,12,3
290,30,BAŞAKŞEHİR,BEŞİKTAŞ,2,3,2,1,3,16,1
291,30,SİVASSPOR,KARAGÜMRÜK,1,0,1,1.5,0.8,11,8
292,30,RİZESPOR,HATAYSPOR,1,0,1,0.5,1.6,17,6
293,30,ALANYASPOR,ANTALYASPOR,4,0,1,1,1,5,10
294,30,KAYSERİSPOR,GALATASARAY,0,3,2,1.75,2,14,2
295,30,ANKARAGÜCÜ,GÖZTEPE,3,0,1,1.6,2.6,18,9
296,30,ERZURUMSPOR,TRABZONSPOR,0,0,0,0.8,1.8,19,4
297,30,GAZİANTEP,DENİZLİSPOR,2,0,1,1,1.5,7,20
298,30,FENERBAHÇE,GENÇLERBİRLİĞİ,1,2,2,2,0.2,3,21
299,30,KASIMPAŞA,KONYASPOR,1,1,0,0.8,1.6,15,12
300,31,KARAGÜMRÜK,KAYSERİSPOR,3,0,1,0.8,1.5,8,16
301,31,GALATASARAY,RİZESPOR,3,4,2,2,1.25,2,14
302,31,GENÇLERBİRLİĞİ,KASIMPAŞA,2,1,1,0.8,1,21,15
303,31,GÖZTEPE,SİVASSPOR,3,5,2,2,1.8,9,10
304,31,MALATYASPOR,GAZİANTEP,2,2,0,0.25,1.6,13,7
305,31,TRABZONSPOR,ANKARAGÜCÜ,4,1,1,1.4,2,4,17
306,31,ANTALYASPOR,ERZURUMSPOR,3,1,1,0.8,0.4,11,19
307,31,KONYASPOR,ALANYASPOR,1,0,1,1.2,1.4,12,5
308,31,DENİZLİSPOR,BAŞAKŞEHİR,0,0,0,1.5,1,20,18
309,31,BEŞİKTAŞ,FENERBAHÇE,1,1,0,3,1.4,1,3
310,32,KAYSERİSPOR,GÖZTEPE,1,1,0,1.5,1.4,16,10
311,32,SİVASSPOR,TRABZONSPOR,0,0,0,1.8,1.4,9,4
312,32,RİZESPOR,KARAGÜMRÜK,0,0,0,1.75,1.4,13,8
313,32,HATAYSPOR,GALATASARAY,3,0,1,1,1.4,7,2
314,32,ERZURUMSPOR,KONYASPOR,1,2,2,0.4,1.2,19,12
315,32,ANKARAGÜCÜ,ANTALYASPOR,1,0,1,1.8,1.2,18,11
316,32,ALANYASPOR,GENÇLERBİRLİĞİ,1,2,2,1.4,1.4,5,20
317,32,BAŞAKŞEHİR,MALATYASPOR,3,1,1,1.2,0.5,17,14
318,32,KASIMPAŞA,BEŞİKTAŞ,1,0,1,0.4,2.6,15,1
319,32,FENERBAHÇE,DENİZLİSPOR,1,0,1,1.6,1,3,21
320,33,GÖZTEPE,RİZESPOR,2,0,1,1,1.75,10,13
321,33,KARAGÜMRÜK,HATAYSPOR,1,0,1,1,1,8,6
322,33,TRABZONSPOR,KAYSERİSPOR,1,1,0,1.6,1.4,4,18
323,33,GENÇLERBİRLİĞİ,ERZURUMSPOR,1,1,0,1.8,0.4,19,20
324,33,KONYASPOR,ANKARAGÜCÜ,1,1,0,1.6,2.4,11,17
325,33,ANTALYASPOR,SİVASSPOR,2,4,2,1,1.8,12,9
326,33,BEŞİKTAŞ,ALANYASPOR,3,0,1,2,1.4,1,5
327,33,DENİZLİSPOR,KASIMPAŞA,1,1,0,1,1,21,14
328,33,GAZİANTEP,BAŞAKŞEHİR,2,0,1,1.75,1.6,7,15
329,33,MALATYASPOR,FENERBAHÇE,1,1,0,0.25,1.6,16,2
330,34,HATAYSPOR,GÖZTEPE,2,3,2,0.75,1.4,7,10
331,34,RİZESPOR,TRABZONSPOR,0,0,0,1.75,1.2,13,4
332,34,GALATASARAY,KARAGÜMRÜK,1,1,0,1,1.4,3,8
333,34,SİVASSPOR,KONYASPOR,3,1,1,2.2,1.6,9,11
334,34,ANKARAGÜCÜ,GENÇLERBİRLİĞİ,2,1,1,2,2,16,19
335,34,KAYSERİSPOR,ANTALYASPOR,0,1,2,1,0.8,18,12
336,34,ERZURUMSPOR,BEŞİKTAŞ,2,4,2,0.4,2,20,1
337,34,KASIMPAŞA,MALATYASPOR,0,0,0,1.2,0.5,14,15
338,34,ALANYASPOR,DENİZLİSPOR,3,2,1,1.2,1,6,21
339,34,FENERBAHÇE,GAZİANTEP,3,1,1,1.6,1.75,2,5
340,35,GENÇLERBİRLİĞİ,SİVASSPOR,2,3,2,2,2.6,19,9
341,35,KONYASPOR,KAYSERİSPOR,0,0,0,1.6,0.4,12,18
342,35,BEŞİKTAŞ,ANKARAGÜCÜ,2,2,0,2,2,1,13
343,35,ANTALYASPOR,RİZESPOR,2,3,2,1.2,1.6,11,14
344,35,DENİZLİSPOR,ERZURUMSPOR,2,3,2,0.4,0.4,21,20
345,35,TRABZONSPOR,HATAYSPOR,1,1,0,1.4,0.75,4,7
346,35,MALATYASPOR,ALANYASPOR,1,0,1,0.75,1.2,16,5
347,35,GÖZTEPE,GALATASARAY,1,3,2,1.4,1,10,3
348,35,GAZİANTEP,KASIMPAŞA,2,2,0,1.75,1.2,6,15
349,35,BAŞAKŞEHİR,FENERBAHÇE,1,2,2,1,1.6,17,2
350,36,KAYSERİSPOR,GENÇLERBİRLİĞİ,2,2,0,0.6,1.4,17,20
351,36,RİZESPOR,KONYASPOR,5,3,1,1.6,1.6,13,12
352,36,KARAGÜMRÜK,GÖZTEPE,1,1,0,2,1.4,9,10
353,36,SİVASSPOR,BEŞİKTAŞ,0,0,0,2.6,1.6,8,1
354,36,HATAYSPOR,ANTALYASPOR,3,2,1,1,1.2,7,11
355,36,ERZURUMSPOR,MALATYASPOR,1,0,1,0.8,1.2,19,14
356,36,ANKARAGÜCÜ,DENİZLİSPOR,1,1,0,1.6,0.4,15,21
357,36,GALATASARAY,TRABZONSPOR,1,1,0,1,1.4,3,4
358,36,ALANYASPOR,GAZİANTEP,3,2,1,0.6,1.25,5,6
359,36,KASIMPAŞA,BAŞAKŞEHİR,0,1,2,1.2,1,16,18
360,37,GENÇLERBİRLİĞİ,RİZESPOR,2,1,1,1,1.6,20,11
361,37,KONYASPOR,HATAYSPOR,0,0,0,1,1.4,13,6
362,37,TRABZONSPOR,KARAGÜMRÜK,2,0,1,1,1.5,4,9
363,37,DENİZLİSPOR,SİVASSPOR,1,1,0,0.4,2.2,21,8
364,37,BEŞİKTAŞ,KAYSERİSPOR,3,1,1,1.6,0.8,1,18
365,37,ANTALYASPOR,GALATASARAY,0,1,2,0.6,1.25,12,3
366,37,MALATYASPOR,ANKARAGÜCÜ,2,1,1,1,1.8,15,14
367,37,GAZİANTEP,ERZURUMSPOR,2,3,2,1,1.4,7,19
368,37,BAŞAKŞEHİR,ALANYASPOR,0,0,0,1.5,1.2,17,5
369,37,FENERBAHÇE,KASIMPAŞA,3,2,1,2.5,1.2,2,16
370,38,HATAYSPOR,GENÇLERBİRLİĞİ,3,1,1,1,1,6,20
371,38,KAYSERİSPOR,DENİZLİSPOR,6,3,1,0.6,0.6,19,21
372,38,KARAGÜMRÜK,ANTALYASPOR,2,2,0,1.25,0.6,9,13
373,38,GÖZTEPE,TRABZONSPOR,1,1,0,1.75,1.4,10,4
374,38,RİZESPOR,BEŞİKTAŞ,2,3,2,1.4,2.2,12,1
375,38,GALATASARAY,KONYASPOR,1,0,1,2,0.6,3,11
376,38,ERZURUMSPOR,BAŞAKŞEHİR,1,2,2,2,1,18,17
377,38,SİVASSPOR,MALATYASPOR,1,0,1,2.2,1.6,7,14
378,38,ANKARAGÜCÜ,GAZİANTEP,0,1,2,1.2,0.8,15,8
379,38,ALANYASPOR,FENERBAHÇE,0,0,0,1.4,2.5,5,2
380,39,BEŞİKTAŞ,HATAYSPOR,7,0,1,2.2,1.6,1,5
381,39,DENİZLİSPOR,RİZESPOR,0,1,2,0.4,1.4,21,13
382,39,KONYASPOR,KARAGÜMRÜK,5,1,1,0.4,0.75,12,9
383,39,ANTALYASPOR,GÖZTEPE,2,3,2,0.8,1.25,11,10
384,39,GENÇLERBİRLİĞİ,GALATASARAY,0,2,2,0.8,2.2,20,3
385,39,BAŞAKŞEHİR,ANKARAGÜCÜ,2,1,1,1.75,1,15,16
386,39,MALATYASPOR,KAYSERİSPOR,1,1,0,1.4,1,14,17
387,39,KASIMPAŞA,ALANYASPOR,3,0,1,0.5,1.6,18,6
388,39,FENERBAHÇE,ERZURUMSPOR,3,1,1,2.5,1.8,2,19
389,39,GAZİANTEP,SİVASSPOR,0,1,2,0.8,2.2,8,7
390,40,ERZURUMSPOR,KASIMPAŞA,0,1,2,1.8,1,19,16
391,40,ANKARAGÜCÜ,FENERBAHÇE,1,2,2,0.4,2.5,18,2
392,40,SİVASSPOR,BAŞAKŞEHİR,0,0,0,2.2,2,5,14
393,40,KAYSERİSPOR,GAZİANTEP,0,0,0,1.2,0.8,17,8
394,40,RİZESPOR,MALATYASPOR,0,4,2,1.8,1.4,12,15
395,40,HATAYSPOR,DENİZLİSPOR,1,0,1,1.6,0.4,7,21
396,40,GALATASARAY,BEŞİKTAŞ,3,1,1,2.6,2.2,3,1
397,40,KARAGÜMRÜK,GENÇLERBİRLİĞİ,5,1,1,0.5,0.8,10,20
398,40,GÖZTEPE,KONYASPOR,0,1,2,1.25,1,9,11
399,40,TRABZONSPOR,ANTALYASPOR,2,1,1,1.5,0.2,4,13
400,41,KONYASPOR,TRABZONSPOR,1,1,0,1.4,2,11,4
401,41,ALANYASPOR,ERZURUMSPOR,2,3,2,1.25,1.2,7,19
402,41,KASIMPAŞA,ANKARAGÜCÜ,3,1,1,1.5,0.2,15,18
403,41,FENERBAHÇE,SİVASSPOR,1,2,2,2.5,1.8,2,6
404,41,BAŞAKŞEHİR,KAYSERİSPOR,0,0,0,2.2,1.2,14,17
405,41,GAZİANTEP,RİZESPOR,4,5,2,0.8,1.2,8,12
406,41,MALATYASPOR,HATAYSPOR,1,1,0,1.4,2,13,5
407,41,DENİZLİSPOR,GALATASARAY,1,4,2,0.4,2.6,21,3
408,41,BEŞİKTAŞ,KARAGÜMRÜK,1,2,2,2,1,1,9
409,41,GENÇLERBİRLİĞİ,GÖZTEPE,5,3,1,0.8,1.25,20,10
410,42,ANKARAGÜCÜ,ALANYASPOR,0,1,2,0,0.5,19,7
411,42,SİVASSPOR,KASIMPAŞA,2,1,1,2.2,2.25,5,13
412,42,RİZESPOR,BAŞAKŞEHİR,0,2,2,1.2,1.8,12,15
413,42,HATAYSPOR,GAZİANTEP,0,1,2,1.6,0.8,6,9
414,42,KARAGÜMRÜK,DENİZLİSPOR,5,1,1,1.4,0.2,8,21
415,42,ANTALYASPOR,KONYASPOR,0,0,0,0.25,1.6,16,11
416,42,KAYSERİSPOR,FENERBAHÇE,1,2,2,1.2,2,17,3
417,42,GALATASARAY,MALATYASPOR,3,1,1,3,1.6,2,14
418,42,GÖZTEPE,BEŞİKTAŞ,1,2,2,1,1.8,10,1
419,42,TRABZONSPOR,GENÇLERBİRLİĞİ,2,1,1,2,1.2,4,20
